{"cameraMode":{"drawMode":0,"name":"Shaded","section":"Shading Mode"},"sceneLighting":true,"audioPlay":false,"sceneViewState":{"m_AlwaysRefresh":false,"showFog":true,"showSkybox":false,"showFlares":true,"showImageEffects":true,"showParticleSystems":true,"showVisualEffectGraphs":true,"m_FxEnabled":true},"in2DMode":false,"pivot":{"x":0.3916682004928589,"y":0.34741950035095217,"z":0.021612372249364854},"rotation":{"x":0.1970079094171524,"y":0.001466414425522089,"z":-0.00029446143889799714,"w":0.9803796410560608},"size":0.4831235706806183,"orthographic":false}