{"cameraMode":{"drawMode":0,"name":"Shaded","section":"Shading Mode"},"sceneLighting":false,"audioPlay":false,"sceneViewState":{"m_AlwaysRefresh":false,"showFog":true,"showSkybox":false,"showFlares":true,"showImageEffects":true,"showParticleSystems":true,"showVisualEffectGraphs":true,"m_FxEnabled":true},"in2DMode":false,"pivot":{"x":0.20090866088867188,"y":-0.8096328377723694,"z":-0.016709744930267335},"rotation":{"x":0.1970079094171524,"y":0.001466414425522089,"z":-0.00029446143889799714,"w":0.9803796410560608},"size":1.2270872592926026,"orthographic":false}