{"cameraMode":{"drawMode":0,"name":"Shaded","section":"Shading Mode"},"sceneLighting":false,"audioPlay":false,"sceneViewState":{"m_AlwaysRefresh":false,"showFog":true,"showSkybox":false,"showFlares":true,"showImageEffects":true,"showParticleSystems":true,"showVisualEffectGraphs":true,"m_FxEnabled":true},"in2DMode":false,"pivot":{"x":0.9219984412193298,"y":-0.19289159774780274,"z":-0.13478955626487733},"rotation":{"x":0.1501459926366806,"y":0.22476118803024293,"z":-0.035075847059488299,"w":0.9621156454086304},"size":2.0625972747802736,"orthographic":false}