{"cameraMode":{"drawMode":0,"name":"Shaded","section":"Shading Mode"},"sceneLighting":false,"audioPlay":false,"sceneViewState":{"m_AlwaysRefresh":false,"showFog":true,"showSkybox":false,"showFlares":true,"showImageEffects":true,"showParticleSystems":true,"showVisualEffectGraphs":true,"m_FxEnabled":true},"in2DMode":false,"pivot":{"x":-0.008248209953308106,"y":-0.043045759201049808,"z":0.01977992057800293},"rotation":{"x":0.1970079094171524,"y":0.001466414425522089,"z":-0.00029446143889799714,"w":0.9803796410560608},"size":2.6746292114257814,"orthographic":false}